Time (s),Altitude (m),Z Acceleration (m/s^2)
0,0,-4.6352
0.01,0,5.6788
0.02,2.84e-4,15.996
0.03,0.0016519,26.329
0.04,0.0051364,38.329
0.05,0.011854,51.423
0.06,0.023061,57.877
0.07,0.039734,59.77
0.08,0.062292,61.668
0.09,0.090925,63.568
0.1,0.12582,65.469
0.11,0.16717,67.372
0.12,0.21517,69.277
0.13,0.27,71.182
0.14,0.33186,71.986
0.15,0.40087,71.183
0.16,0.47705,70.366
0.17,0.56031,69.549
0.18,0.65057,68.731
0.19,0.74775,67.912
0.19994,0.8511,67.1
0.20925,0.95401,66.364
0.21805,1.0566,65.699
0.23126,1.22,65.45
0.25106,1.4866,65.305
0.28076,1.9345,65.087
0.32532,2.7143,64.757
0.37532,3.743,64.631
0.42532,4.9337,64.684
0.47532,6.2863,64.734
0.52532,7.801,64.781
0.57532,9.4779,64.826
0.62532,11.317,64.868
0.67532,13.319,64.909
0.72532,15.483,64.947
0.77532,17.81,64.983
0.82532,20.299,65.017
0.87532,22.951,65.048
0.92532,25.766,65.076
0.97532,28.744,65.101
1.0253,31.885,65.123
1.0753,35.189,65.142
1.1253,38.657,65.158
1.1753,42.287,65.17
1.2253,46.08,65.178
1.2753,50.037,65.183
1.3253,54.157,65.184
1.3753,58.44,65.181
1.4253,62.886,65.173
1.4753,67.496,65.162
1.5253,72.268,65.148
1.5753,77.204,65.132
1.6253,82.303,65.114
1.6753,87.565,65.093
1.7253,92.99,65.073
1.7753,98.577,65.052
1.8253,104.33,65.031
1.8753,110.24,65.008
1.9253,116.32,64.988
1.9753,122.56,64.969
2.0253,128.96,64.949
2.0753,135.52,64.928
2.1253,142.25,64.903
2.1753,149.14,64.874
2.2253,156.19,64.826
2.2753,163.4,64.741
2.3253,170.78,64.646
2.3753,178.32,64.544
2.4253,186.02,64.434
2.4753,193.88,64.318
2.5253,201.9,64.195
2.5753,210.09,64.062
2.6253,218.43,63.92
2.6753,226.93,63.77
2.7253,235.6,63.614
2.7753,244.42,63.457
2.8253,253.4,63.306
2.8753,262.54,63.139
2.9253,271.84,62.789
2.9753,281.3,62.394
3.0253,290.91,61.995
3.0753,300.68,61.591
3.1253,310.6,61.18
3.1753,320.68,60.759
3.2253,330.91,60.329
3.2753,341.29,59.889
3.3253,351.82,59.434
3.3753,362.5,58.968
3.4253,373.32,58.71
3.4753,384.3,58.512
3.5253,395.42,57.924
3.5753,406.69,57.332
3.6253,418.1,56.747
3.6753,429.65,56.171
3.7253,441.35,55.596
3.7753,453.18,55.017
3.8253,465.16,54.428
3.8753,477.27,53.827
3.9253,489.51,53.213
3.9753,501.89,52.586
4.0253,514.4,51.941
4.0753,527.04,51.282
4.1253,539.81,50.622
4.1753,552.71,49.965
4.2253,565.73,49.313
4.2753,578.88,48.66
4.3253,592.15,47.996
4.3753,605.54,47.323
4.4253,619.05,46.639
4.4753,632.68,45.948
4.5253,646.42,44.674
4.5753,660.27,42.062
4.6253,674.24,39.391
4.6753,688.3,36.729
4.7253,702.46,34.074
4.7753,716.71,31.552
4.8253,731.04,30.078
4.8753,745.45,28.834
4.9253,759.93,27.587
4.9753,774.48,26.342
5.0253,789.1,25.109
5.0753,803.78,23.879
5.1253,818.52,22.63
5.1753,833.33,20.681
5.2253,848.18,18.394
5.2753,863.09,16.115
5.3253,878.03,13.857
5.3753,893.02,11.626
5.4253,908.03,9.4266
5.4753,923.08,7.2348
5.5253,938.14,4.771
5.5753,953.22,2.2166
5.6253,968.3,-0.32484
5.6753,983.39,-2.8426
5.7253,998.48,-5.3282
5.7753,1013.6,-7.7795
5.8253,1028.6,-10.198
5.8753,1043.6,-12.585
5.9253,1058.7,-14.951
5.9753,1073.6,-17.414
6.0253,1088.6,-22.325
6.0753,1103.4,-26.505
6.1253,1118.3,-26.409
6.1753,1133,-26.116
6.2253,1147.7,-25.834
6.2753,1162.4,-25.558
6.3253,1176.9,-25.283
6.3753,1191.4,-25.018
6.4253,1205.9,-24.772
6.4753,1220.2,-24.539
6.5253,1234.5,-24.319
6.5753,1248.8,-24.105
6.6253,1263,-23.891
6.6753,1277.1,-23.677
6.7253,1291.2,-23.461
6.7753,1305.2,-23.255
6.8253,1319.2,-23.06
6.8753,1333.1,-22.871
6.9253,1346.9,-22.689
6.9753,1360.7,-22.513
7.0253,1374.4,-22.338
7.0753,1388.1,-22.168
7.1253,1401.7,-22
7.1753,1415.3,-21.837
7.2253,1428.8,-21.679
7.2753,1442.3,-21.518
7.3253,1455.7,-21.36
7.3753,1469,-21.204
7.4253,1482.3,-21.059
7.4753,1495.6,-20.92
7.5253,1508.7,-20.784
7.5753,1521.9,-20.651
7.6253,1535,-20.522
7.6753,1548,-20.396
7.7253,1561,-20.265
7.7753,1573.9,-20.134
7.8253,1586.8,-20.001
7.8753,1599.6,-19.869
7.9253,1612.4,-19.746
7.9753,1625.2,-19.628
8.0253,1637.8,-19.514
8.0753,1650.5,-19.407
8.1253,1663.1,-19.3
8.1753,1675.6,-19.192
8.2253,1688.1,-19.082
8.2753,1700.5,-18.972
8.3253,1712.9,-18.864
8.3753,1725.3,-18.76
8.4253,1737.6,-18.659
8.4753,1749.8,-18.559
8.5253,1762.1,-18.46
8.5753,1774.2,-18.36
8.6253,1786.3,-18.264
8.6753,1798.4,-18.172
8.7253,1810.4,-18.083
8.7753,1822.4,-17.997
8.8253,1834.4,-17.91
8.8753,1846.2,-17.819
8.9253,1858.1,-17.725
8.9753,1869.9,-17.632
9.0253,1881.7,-17.545
9.0753,1893.4,-17.46
9.1253,1905,-17.38
9.1753,1916.7,-17.303
9.2253,1928.3,-17.226
9.2753,1939.8,-17.149
9.3253,1951.3,-17.074
9.3753,1962.7,-17.001
9.4253,1974.2,-16.926
9.4753,1985.5,-16.854
9.5253,1996.9,-16.781
9.5753,2008.1,-16.699
9.6253,2019.4,-16.617
9.6753,2030.6,-16.542
9.7253,2041.8,-16.471
9.7753,2052.9,-16.404
9.8253,2064,-16.34
9.8753,2075,-16.277
9.9253,2086,-16.213
9.9753,2097,-16.151
10.025,2107.9,-16.089
10.075,2118.7,-16.023
10.125,2129.6,-15.957
10.175,2140.4,-15.892
10.225,2151.1,-15.83
10.275,2161.9,-15.772
10.325,2172.5,-15.712
10.375,2183.2,-15.652
10.425,2193.8,-15.594
10.475,2204.3,-15.536
10.525,2214.9,-15.479
10.575,2225.3,-15.423
10.625,2235.8,-15.367
10.675,2246.2,-15.312
10.725,2256.6,-15.259
10.775,2266.9,-15.207
10.825,2277.2,-15.157
10.875,2287.4,-15.105
10.925,2297.7,-15.05
10.975,2307.8,-14.995
11.025,2318,-14.942
11.075,2328.1,-14.887
11.125,2338.1,-14.832
11.175,2348.2,-14.781
11.225,2358.2,-14.73
11.275,2368.1,-14.683
11.325,2378,-14.639
11.375,2387.9,-14.598
11.425,2397.8,-14.558
11.475,2407.6,-14.517
11.525,2417.4,-14.473
11.575,2427.1,-14.428
11.625,2436.8,-14.381
11.675,2446.5,-14.333
11.725,2456.1,-14.287
11.775,2465.7,-14.24
11.825,2475.2,-14.192
11.875,2484.8,-14.145
11.925,2494.3,-14.1
11.975,2503.7,-14.057
12.025,2513.1,-14.017
12.075,2522.5,-13.98
12.125,2531.9,-13.945
12.175,2541.2,-13.913
12.225,2550.4,-13.88
12.275,2559.7,-13.845
12.325,2568.9,-13.809
12.375,2578.1,-13.771
12.425,2587.2,-13.732
12.475,2596.3,-13.693
12.525,2605.4,-13.652
12.575,2614.4,-13.608
12.625,2623.4,-13.564
12.675,2632.4,-13.522
12.725,2641.3,-13.483
12.775,2650.2,-13.447
12.825,2659.1,-13.413
12.875,2667.9,-13.38
12.925,2676.7,-13.349
12.975,2685.5,-13.319
13.025,2694.2,-13.289
13.075,2702.9,-13.259
13.125,2711.6,-13.234
13.175,2720.2,-13.208
13.225,2728.8,-13.177
13.275,2737.4,-13.145
13.325,2745.9,-13.113
13.375,2754.4,-13.078
13.425,2762.9,-13.042
13.475,2771.3,-13.004
13.525,2779.7,-12.968
13.575,2788.1,-12.932
13.625,2796.5,-12.895
13.675,2804.8,-12.861
13.725,2813,-12.831
13.775,2821.3,-12.804
13.825,2829.5,-12.777
13.875,2837.7,-12.75
13.925,2845.8,-12.725
13.975,2853.9,-12.706
14.025,2862,-12.687
14.075,2870.1,-12.666
14.125,2878.1,-12.642
14.175,2886.1,-12.619
14.225,2894,-12.595
14.275,2902,-12.568
14.325,2909.9,-12.539
14.375,2917.7,-12.507
14.425,2925.6,-12.473
14.475,2933.4,-12.442
14.525,2941.1,-12.413
14.575,2948.9,-12.383
14.625,2956.6,-12.352
14.675,2964.3,-12.325
14.725,2971.9,-12.297
14.775,2979.5,-12.27
14.825,2987.1,-12.246
14.875,2994.7,-12.224
14.925,3002.2,-12.204
14.975,3009.7,-12.181
15.025,3017.1,-12.163
15.075,3024.6,-12.146
15.125,3032,-12.131
15.175,3039.3,-12.116
15.225,3046.7,-12.098
15.275,3054,-12.081
15.325,3061.3,-12.059
15.375,3068.5,-12.036
15.425,3075.7,-12.011
15.475,3082.9,-11.984
15.525,3090.1,-11.959
15.575,3097.2,-11.934
15.625,3104.3,-11.906
15.675,3111.4,-11.878
15.725,3118.4,-11.854
15.775,3125.4,-11.832
15.825,3132.4,-11.81
15.875,3139.4,-11.789
15.925,3146.3,-11.767
15.975,3153.2,-11.746
16.025,3160.1,-11.729
16.075,3166.9,-11.714
16.125,3173.7,-11.7
16.175,3180.5,-11.687
16.225,3187.2,-11.672
16.275,3193.9,-11.654
16.325,3200.6,-11.638
16.375,3207.3,-11.621
16.425,3213.9,-11.603
16.475,3220.5,-11.586
16.525,3227.1,-11.566
16.575,3233.6,-11.549
16.625,3240.2,-11.532
16.675,3246.6,-11.512
16.725,3253.1,-11.492
16.775,3259.5,-11.474
16.825,3265.9,-11.454
16.875,3272.3,-11.435
16.925,3278.6,-11.418
16.975,3285,-11.4
17.025,3291.2,-11.381
17.075,3297.5,-11.36
17.125,3303.7,-11.342
17.175,3309.9,-11.328
17.225,3316.1,-11.312
17.275,3322.2,-11.294
17.325,3328.4,-11.276
17.375,3334.5,-11.26
17.425,3340.5,-11.248
17.475,3346.5,-11.235
17.525,3352.5,-11.221
17.575,3358.5,-11.207
17.625,3364.5,-11.193
17.675,3370.4,-11.18
17.725,3376.3,-11.169
17.775,3382.1,-11.157
17.825,3388,-11.145
17.875,3393.8,-11.133
17.925,3399.6,-11.118
17.975,3405.3,-11.104
18.025,3411,-11.088
18.075,3416.7,-11.071
18.125,3422.4,-11.057
18.175,3428,-11.044
18.225,3433.7,-11.032
18.275,3439.2,-11.017
18.325,3444.8,-11.002
18.375,3450.3,-10.988
18.425,3455.8,-10.972
18.475,3461.3,-10.956
18.525,3466.8,-10.939
18.575,3472.2,-10.922
18.625,3477.6,-10.908
18.675,3482.9,-10.894
18.725,3488.3,-10.881
18.775,3493.6,-10.867
18.825,3498.9,-10.854
18.875,3504.1,-10.842
18.925,3509.4,-10.831
18.975,3514.6,-10.819
19.025,3519.7,-10.81
19.075,3524.9,-10.801
19.125,3530,-10.793
19.175,3535.1,-10.783
19.225,3540.2,-10.774
19.275,3545.2,-10.767
19.325,3550.2,-10.759
19.375,3555.2,-10.75
19.425,3560.2,-10.739
19.475,3565.1,-10.729
19.525,3570,-10.72
19.575,3574.9,-10.711
19.625,3579.8,-10.702
19.675,3584.6,-10.689
19.725,3589.4,-10.674
19.775,3594.2,-10.662
19.825,3598.9,-10.653
19.875,3603.6,-10.643
19.925,3608.3,-10.629
19.975,3613,-10.616
20.025,3617.6,-10.605
20.075,3622.2,-10.593
20.125,3626.8,-10.58
20.175,3631.4,-10.568
20.225,3635.9,-10.554
20.275,3640.4,-10.541
20.325,3644.9,-10.53
20.375,3649.4,-10.518
20.425,3653.8,-10.506
20.475,3658.2,-10.495
20.525,3662.6,-10.485
20.575,3666.9,-10.476
20.625,3671.3,-10.468
20.675,3675.6,-10.459
20.725,3679.8,-10.45
20.775,3684.1,-10.44
20.825,3688.3,-10.434
20.875,3692.5,-10.429
20.925,3696.7,-10.422
20.975,3700.8,-10.417
21.025,3704.9,-10.412
21.075,3709,-10.408
21.125,3713.1,-10.402
21.175,3717.1,-10.398
21.225,3721.1,-10.394
21.275,3725.1,-10.388
21.325,3729.1,-10.379
21.375,3733,-10.374
21.425,3736.9,-10.367
21.475,3740.8,-10.359
21.525,3744.6,-10.351
21.575,3748.5,-10.341
21.625,3752.3,-10.333
21.675,3756.1,-10.324
21.725,3759.8,-10.313
21.775,3763.5,-10.305
21.825,3767.2,-10.298
21.875,3770.9,-10.289
21.925,3774.6,-10.28
21.975,3778.2,-10.274
22.025,3781.8,-10.268
22.075,3785.4,-10.261
22.125,3788.9,-10.253
22.175,3792.4,-10.243
22.225,3795.9,-10.234
22.275,3799.4,-10.224
22.325,3802.8,-10.216
22.375,3806.3,-10.209
22.425,3809.6,-10.201
22.475,3813,-10.191
22.525,3816.4,-10.182
22.575,3819.7,-10.175
22.625,3823,-10.167
22.675,3826.2,-10.159
22.725,3829.5,-10.152
22.775,3832.7,-10.146
22.825,3835.9,-10.138
22.875,3839,-10.13
22.925,3842.2,-10.123
22.975,3845.3,-10.116
23.025,3848.4,-10.109
23.075,3851.4,-10.102
23.125,3854.5,-10.097
23.175,3857.5,-10.092
23.225,3860.5,-10.088
23.275,3863.5,-10.084
23.325,3866.4,-10.079
23.375,3869.3,-10.073
23.425,3872.2,-10.067
23.475,3875,-10.062
23.525,3877.9,-10.055
23.575,3880.7,-10.05
23.625,3883.5,-10.047
23.675,3886.2,-10.044
23.725,3889,-10.043
23.775,3891.7,-10.043
23.825,3894.4,-10.04
23.875,3897,-10.038
23.925,3899.7,-10.035
23.975,3902.3,-10.033
24.025,3904.9,-10.032
24.075,3907.4,-10.029
24.125,3910,-10.026
24.175,3912.5,-10.023
24.225,3915,-10.021
24.275,3917.4,-10.02
24.325,3919.9,-10.019
24.375,3922.3,-10.014
24.425,3924.7,-10.008
24.475,3927,-10.003
24.525,3929.3,-9.999
24.575,3931.7,-9.9957
24.625,3933.9,-9.9934
24.675,3936.2,-9.9891
24.725,3938.4,-9.9827
24.775,3940.6,-9.9766
24.825,3942.8,-9.9717
24.875,3945,-9.9696
24.925,3947.1,-9.9656
24.975,3949.2,-9.9604
25.025,3951.3,-9.9551
25.075,3953.4,-9.9486
25.125,3955.4,-9.9424
25.175,3957.4,-9.9388
25.225,3959.4,-9.9338
25.275,3961.4,-9.9266
25.325,3963.3,-9.9214
25.375,3965.2,-9.916
25.425,3967.1,-9.9105
25.475,3969,-9.9042
25.525,3970.8,-9.8992
25.575,3972.6,-9.8945
25.625,3974.4,-9.8885
25.675,3976.2,-9.8831
25.725,3977.9,-9.8779
25.775,3979.6,-9.8739
25.825,3981.3,-9.8703
25.875,3983,-9.8658
25.925,3984.6,-9.8611
25.975,3986.2,-9.8558
26.025,3987.8,-9.8516
26.075,3989.4,-9.8505
26.125,3990.9,-9.8479
26.175,3992.4,-9.8424
26.225,3993.9,-9.8383
26.275,3995.4,-9.8338
26.325,3996.8,-9.8281
26.375,3998.3,-9.8244
26.425,3999.7,-9.8225
26.475,4001,-9.8197
26.525,4002.4,-9.8168
26.575,4003.7,-9.8145
26.625,4005,-9.8109
26.675,4006.3,-9.8065
26.725,4007.5,-9.8022
26.775,4008.7,-9.7999
26.825,4009.9,-9.7973
26.875,4011.1,-9.7941
26.925,4012.2,-9.7924
26.975,4013.4,-9.7906
27.025,4014.5,-9.7889
27.075,4015.5,-9.7861
27.125,4016.6,-9.7842
27.175,4017.6,-9.7821
27.225,4018.6,-9.7777
27.275,4019.6,-9.7736
27.325,4020.6,-9.7714
27.375,4021.5,-9.7699
27.425,4022.4,-9.7665
27.475,4023.3,-9.7631
27.525,4024.1,-9.7596
27.575,4025,-9.7566
27.625,4025.8,-9.7532
27.675,4026.5,-9.7488
27.725,4027.3,-9.7475
27.775,4028,-9.7472
27.825,4028.7,-9.7445
27.875,4029.4,-9.742
27.925,4030.1,-9.7399
27.975,4030.7,-9.7368
28.025,4031.3,-9.732
28.075,4031.9,-9.7273
28.125,4032.5,-9.7242
28.175,4033,-9.7206
28.225,4033.5,-9.718
28.275,4034,-9.7147
28.325,4034.5,-9.7093
28.375,4034.9,-9.7057
28.425,4035.3,-9.7059
28.475,4035.7,-9.7027
28.525,4036.1,-9.6994
28.575,4036.4,-9.6942
28.625,4036.8,-9.6863
28.675,4037.1,-9.6818
28.725,4037.3,-9.6798
28.775,4037.6,-9.6761
28.825,4037.8,-9.6682
28.875,4038,-9.6567
28.925,4038.2,-9.6454
28.975,4038.3,-9.6364
29.025,4038.5,-9.6293
29.075,4038.6,-9.6203
29.125,4038.6,-9.61
29.175,4038.7,-9.6893
29.225,4038.7,-9.6857
29.275,4038.7,-9.678
29.325,4038.7,-9.6712
29.375,4038.7,-9.6648
29.425,4038.6,-9.6584
29.475,4038.5,-9.6492
29.525,4038.4,-9.6373
29.575,4038.3,-9.6205
29.625,4038.1,-9.6021
29.675,4037.9,-9.5921
29.725,4037.7,-9.5822
29.775,4037.5,-9.5656
29.825,4037.2,-9.5459
29.875,4036.9,-9.5225
29.925,4036.6,-9.4931
29.975,4036.3,-9.4645
30.025,4035.9,-9.4362
30.075,4035.5,-9.4008
30.125,4035.1,-9.3632
30.175,4034.7,-9.3275
30.225,4034.3,-9.2872
30.275,4033.8,-9.2426
30.325,4033.3,-9.195
30.375,4032.8,-9.1471
30.425,4032.3,-9.0849
30.475,4031.7,-9.0092
30.525,4031.1,-8.9289
30.575,4030.5,-8.8439
30.625,4029.9,-8.7517
30.675,4029.2,-8.645
30.725,4028.5,-8.5379
30.775,4027.9,-8.4422
30.825,4027.1,-8.3688
30.875,4026.4,-8.292
30.925,4025.6,-8.2107
30.975,4024.9,-8.1305
31.025,4024.1,-8.0569
31.075,4023.2,-7.9784
31.125,4022.4,-7.9029
31.175,4021.6,-7.8275
31.225,4020.7,-7.7464
31.275,4019.8,-7.6671
31.325,4018.9,-7.5904
31.375,4017.9,-7.5173
31.425,4017,-7.4463
31.475,4016,-7.3768
31.525,4015,-7.3096
31.575,4014,-7.2471
31.625,4013,-7.1907
31.675,4011.9,-7.1416
31.725,4010.9,-7.0997
31.775,4009.8,-7.0665
31.825,4008.7,-7.0443
31.875,4007.6,-7.0333
31.925,4006.4,-7.0348
31.975,4005.3,-7.0521
32.025,4004.1,-7.0824
32.075,4002.9,-7.124
32.125,4001.7,-7.1835
32.175,4000.5,-7.2578
32.225,3999.3,-7.3416
32.275,3998,-7.4405
32.325,3996.7,-7.5534
32.375,3995.4,-7.6803
32.425,3994.1,-7.8118
32.475,3992.8,-7.9492
32.525,3991.4,-8.0954
32.575,3990,-8.2433
32.625,3988.7,-8.397
32.675,3987.2,-8.5493
32.725,3985.8,-8.6914
32.775,3984.3,-8.8296
32.824,3982.9,-8.9756
32.873,3981.4,-9.1339
32.92,3980,-9.2748
32.967,3978.5,-9.4027
33.014,3977.1,-9.5111
33.06,3975.6,-9.5903
33.107,3974.1,-9.6479
33.153,3972.6,-9.6872
33.2,3971,-9.712
33.247,3969.4,-9.7208
33.294,3967.8,-9.7146
33.342,3966.2,-9.6881
33.391,3964.5,-9.6373
33.441,3962.7,-9.5595
33.491,3960.9,-9.4549
33.541,3959.1,-9.331
33.591,3957.2,-9.1897
33.641,3955.3,-9.0338
33.691,3953.5,-8.8613
33.741,3951.5,-8.6743
33.791,3949.6,-8.4735
33.841,3947.6,-8.2658
33.891,3945.7,-8.0453
33.941,3943.7,-7.8304
33.991,3941.7,-7.6248
34.041,3939.6,-7.4147
34.091,3937.6,-7.2375
34.141,3935.5,-7.0777
34.191,3933.4,-6.9289
34.241,3931.3,-6.7885
34.291,3929.2,-6.6974
34.341,3927,-6.6216
34.391,3924.9,-6.5653
34.441,3922.7,-6.5296
34.491,3920.5,-6.511
34.541,3918.3,-6.5397
34.591,3916.1,-6.5928
34.641,3913.8,-6.6673
34.691,3911.6,-6.7798
34.741,3909.3,-6.9065
34.791,3907,-7.0668
34.841,3904.7,-7.2468
34.891,3902.4,-7.4482
34.941,3900,-7.6581
34.991,3897.7,-7.8845
35.041,3895.3,-8.1215
35.091,3892.9,-8.3446
35.141,3890.5,-8.5574
35.191,3888,-8.8087
35.241,3885.6,-9.0331
35.291,3883.1,-9.2258
35.341,3880.5,-9.3737
35.391,3878,-9.477
35.441,3875.4,-9.5306
35.491,3872.9,-9.5375
35.541,3870.3,-9.4982
35.591,3867.6,-9.4055
35.641,3865,-9.2556
35.691,3862.3,-9.0513
35.741,3859.6,-8.7991
35.791,3856.9,-8.4922
35.841,3854.1,-8.1583
35.886,3851.6,-7.854
35.927,3849.3,-7.627
35.968,3847.1,-7.4051
36.008,3844.8,-7.1926
36.047,3842.6,-7.0227
36.087,3840.4,-6.8672
36.125,3838.1,-6.7355
36.164,3835.9,-6.632
36.202,3833.7,-6.5601
36.24,3831.5,-6.5204
36.277,3829.4,-6.4981
36.315,3827.2,-6.5001
36.352,3825,-6.5306
36.388,3822.9,-6.6002
36.425,3820.7,-6.6941
36.461,3818.6,-6.8138
36.497,3816.4,-6.96
36.533,3814.3,-7.1245
36.569,3812.1,-7.3155
36.605,3809.9,-7.5755
36.644,3807.6,-7.8705
36.688,3804.9,-8.1922
36.738,3801.8,-8.5233
36.788,3798.7,-8.8123
36.838,3795.6,-9.07
36.888,3792.5,-9.257
36.938,3789.4,-9.3727
36.988,3786.2,-9.421
37.038,3783,-9.4139
37.088,3779.8,-9.3487
37.138,3776.5,-9.2245
37.188,3773.2,-9.0498
37.238,3769.9,-8.8299
37.284,3766.9,-8.6068
37.323,3764.3,-8.4073
37.36,3761.8,-8.2287
37.393,3759.6,-8.0684
37.425,3757.4,-7.929
37.455,3755.4,-7.8131
37.485,3753.4,-7.7238
37.513,3751.4,-7.6623
37.541,3749.5,-7.6293
37.569,3747.6,-7.613
37.597,3745.7,-7.6174
37.626,3743.7,-7.6504
37.654,3741.7,-7.706
37.683,3739.7,-7.7786
37.713,3737.6,-7.8771
37.744,3735.5,-8.0019
37.776,3733.2,-8.1457
37.811,3730.8,-8.3092
37.848,3728.1,-8.491
37.89,3725.1,-8.6848
37.939,3721.7,-8.8904
37.989,3718.1,-9.0718
38.039,3714.4,-9.2047
38.089,3710.8,-9.2729
38.139,3707.1,-9.278
38.189,3703.4,-9.2191
38.239,3699.7,-9.0898
38.289,3696,-8.8963
38.339,3692.2,-8.646
38.389,3688.4,-8.373
38.432,3685.1,-8.1189
38.47,3682.3,-7.9058
38.504,3679.6,-7.7333
38.537,3677.1,-7.588
38.567,3674.7,-7.4798
38.597,3672.4,-7.4061
38.627,3670.1,-7.3522
38.656,3667.9,-7.3246
38.685,3665.6,-7.3177
38.713,3663.4,-7.3473
38.743,3661.1,-7.4137
38.772,3658.8,-7.5052
38.803,3656.3,-7.6242
38.836,3653.8,-7.7746
38.87,3651,-7.9403
38.907,3648.1,-8.1281
38.948,3644.8,-8.3585
38.997,3640.9,-8.6033
39.047,3636.9,-8.8191
39.097,3632.8,-8.9945
39.147,3628.7,-9.1083
39.197,3624.6,-9.153
39.247,3620.5,-9.1397
39.297,3616.3,-9.0713
39.347,3612.2,-8.9537
39.397,3608,-8.7962
39.444,3603.9,-8.6246
39.485,3600.5,-8.4751
39.521,3597.4,-8.3488
39.555,3594.5,-8.2456
39.587,3591.8,-8.1642
39.617,3589.2,-8.1034
39.647,3586.6,-8.0639
39.676,3584.1,-8.0588
39.706,3581.5,-8.0772
39.735,3579,-8.1161
39.766,3576.3,-8.1757
39.797,3573.6,-8.2553
39.83,3570.7,-8.3605
39.866,3567.5,-8.4842
39.906,3564,-8.6231
39.952,3559.9,-8.7723
40.002,3555.5,-8.8994
40.052,3551,-8.9807
40.102,3546.5,-9.0091
40.152,3542,-8.9795
40.202,3537.4,-8.8908
40.252,3532.9,-8.7431
40.302,3528.3,-8.5496
40.352,3523.7,-8.337
40.396,3519.7,-8.1527
40.434,3516.1,-7.9992
40.469,3512.9,-7.8843
40.502,3509.8,-7.8055
40.533,3506.8,-7.7554
40.565,3503.9,-7.7382
40.596,3501,-7.7538
40.627,3498,-7.7867
40.659,3495,-7.8441
40.692,3491.8,-7.9244
40.727,3488.5,-8.0335
40.765,3484.9,-8.1726
40.806,3480.9,-8.3406
40.855,3476.2,-8.5262
40.905,3471.4,-8.6877
40.955,3466.5,-8.8025
41.005,3461.7,-8.8579
41.055,3456.8,-8.8574
41.105,3451.9,-8.8055
41.155,3446.9,-8.71
41.205,3442,-8.5858
41.253,3437.3,-8.4534
41.292,3433.3,-8.348
41.328,3429.7,-8.2664
41.362,3426.3,-8.2088
41.395,3423,-8.1753
41.427,3419.8,-8.1673
41.459,3416.5,-8.1809
41.491,3413.2,-8.2133
41.525,3409.8,-8.2673
41.56,3406.2,-8.342
41.599,3402.2,-8.4366
41.644,3397.6,-8.5327
41.694,3392.4,-8.6309
41.744,3387.2,-8.6965
41.794,3382,-8.7154
41.844,3376.8,-8.6845
41.894,3371.5,-8.6007
41.944,3366.3,-8.4674
41.994,3361,-8.301
42.044,3355.7,-8.1391
42.086,3351.2,-8.0197
42.123,3347.1,-7.9339
42.159,3343.3,-7.8791
42.194,3339.6,-7.854
42.228,3335.9,-7.8593
42.262,3332.2,-7.89
42.298,3328.4,-7.9423
42.335,3324.3,-8.0201
42.375,3319.9,-8.1284
42.421,3314.9,-8.2586
42.471,3309.4,-8.3893
42.521,3303.9,-8.4938
42.571,3298.3,-8.5511
42.621,3292.8,-8.5588
42.671,3287.2,-8.5223
42.721,3281.6,-8.4508
42.771,3276,-8.3568
42.82,3270.5,-8.2616
42.861,3265.9,-8.1936
42.899,3261.6,-8.1517
42.936,3257.4,-8.128
42.972,3253.3,-8.1243
43.008,3249.2,-8.1403
43.046,3244.9,-8.176
43.086,3240.3,-8.2308
43.131,3235.1,-8.2994
43.181,3229.3,-8.3661
43.231,3223.5,-8.4064
43.281,3217.7,-8.4099
43.331,3211.8,-8.3748
43.381,3206,-8.3016
43.431,3200.1,-8.1943
43.481,3194.2,-8.0675
43.531,3188.3,-7.9491
43.575,3183,-7.8665
43.615,3178.2,-7.8163
43.654,3173.6,-7.795
43.692,3169,-7.8008
43.731,3164.4,-7.8384
43.772,3159.4,-7.9063
43.817,3153.9,-8.0005
43.867,3147.9,-8.0989
43.917,3141.8,-8.1782
43.967,3135.7,-8.2322
44.017,3129.6,-8.2473
44.067,3123.4,-8.2263
44.117,3117.3,-8.174
44.167,3111.1,-8.1036
44.217,3104.9,-8.0328
44.262,3099.3,-7.9817
44.303,3094.1,-7.9497
44.343,3089.2,-7.9376
44.382,3084.3,-7.9506
44.424,3079.1,-7.9809
44.469,3073.3,-8.0236
44.519,3067,-8.0691
44.569,3060.7,-8.0984
44.619,3054.3,-8.0979
44.669,3047.9,-8.0624
44.719,3041.5,-7.9929
44.769,3035.1,-7.9011
44.819,3028.7,-7.8025
44.869,3022.2,-7.7107
44.915,3016.2,-7.6474
44.957,3010.7,-7.6233
44.999,3005.3,-7.6263
45.041,2999.8,-7.6625
45.087,2993.8,-7.7209
45.137,2987.2,-7.7938
45.187,2980.6,-7.8627
45.237,2974,-7.9107
45.287,2967.4,-7.9292
45.337,2960.7,-7.916
45.387,2954.1,-7.8765
45.437,2947.4,-7.8202
45.487,2940.7,-7.7605
45.535,2934.2,-7.7182
45.58,2928.2,-7.6965
45.623,2922.4,-7.6948
45.668,2916.3,-7.7112
45.717,2909.6,-7.7406
45.767,2902.8,-7.7702
45.817,2896,-7.7832
45.867,2889.1,-7.7704
45.917,2882.2,-7.732
45.967,2875.4,-7.6692
46.017,2868.4,-7.5893
46.067,2861.5,-7.5101
46.117,2854.6,-7.4551
46.166,2847.8,-7.433
46.214,2841.1,-7.4378
46.264,2834.1,-7.4646
46.314,2827,-7.5078
46.364,2820,-7.5545
46.414,2812.9,-7.5912
46.464,2805.9,-7.6059
46.514,2798.8,-7.5975
46.564,2791.7,-7.5683
46.614,2784.5,-7.5283
46.664,2777.4,-7.4865
46.714,2770.2,-7.4558
46.764,2763,-7.4415
46.814,2755.8,-7.4446
46.864,2748.6,-7.4578
46.914,2741.3,-7.4668
46.964,2734.1,-7.4656
47.014,2726.8,-7.4449
47.064,2719.5,-7.4001
47.114,2712.2,-7.3394
47.164,2704.8,-7.2739
47.214,2697.5,-7.2161
47.264,2690.1,-7.1811
47.314,2682.7,-7.175
47.364,2675.3,-7.1878
47.414,2667.9,-7.2172
47.464,2660.4,-7.2468
47.514,2653,-7.2713
47.564,2645.5,-7.2823
47.614,2638,-7.2753
47.664,2630.5,-7.2513
47.714,2622.9,-7.2176
47.764,2615.4,-7.1838
47.814,2607.8,-7.1596
47.864,2600.2,-7.1482
47.914,2592.6,-7.1485
47.964,2585,-7.1512
48.014,2577.3,-7.1484
48.064,2569.7,-7.1324
48.114,2562,-7.1
48.164,2554.3,-7.0552
48.214,2546.6,-7.0009
48.264,2538.9,-6.9512
48.314,2531.1,-6.9134
48.364,2523.3,-6.8937
48.414,2515.5,-6.901
48.464,2507.7,-6.9229
48.514,2499.9,-6.9422
48.564,2492.1,-6.9577
48.614,2484.2,-6.9602
48.664,2476.4,-6.9485
48.714,2468.5,-6.9259
48.764,2460.6,-6.8994
48.814,2452.6,-6.8758
48.864,2444.7,-6.8584
48.914,2436.8,-6.8468
48.964,2428.8,-6.8396
49.014,2420.8,-6.8308
49.064,2412.8,-6.8147
49.114,2404.8,-6.7853
49.164,2396.7,-6.7436
49.214,2388.6,-6.7014
49.264,2380.6,-6.6649
49.314,2372.5,-6.6366
49.364,2364.4,-6.6224
49.414,2356.2,-6.6233
49.464,2348.1,-6.6295
49.514,2339.9,-6.6372
49.564,2331.8,-6.639
49.614,2323.6,-6.632
49.664,2315.4,-6.617
49.714,2307.1,-6.5954
49.764,2298.9,-6.5731
49.814,2290.6,-6.5537
49.864,2282.4,-6.5386
49.914,2274.1,-6.5263
49.964,2265.8,-6.5132
50.014,2257.4,-6.4951
50.064,2249.1,-6.4691
50.114,2240.7,-6.4361
50.164,2232.4,-6.3998
50.214,2224,-6.3683
50.264,2215.6,-6.3424
50.314,2207.2,-6.3267
50.364,2198.7,-6.3241
50.414,2190.3,-6.3263
50.464,2181.8,-6.3281
50.514,2173.3,-6.3222
50.564,2164.8,-6.3073
50.614,2156.3,-6.2876
50.664,2147.8,-6.2659
50.714,2139.2,-6.2457
50.764,2130.7,-6.2294
50.814,2122.1,-6.2157
50.864,2113.5,-6.2016
50.914,2104.9,-6.1825
50.964,2096.3,-6.1556
51.014,2087.6,-6.1228
51.064,2079,-6.0867
51.114,2070.3,-6.0557
51.164,2061.6,-6.035
51.214,2052.9,-6.0228
51.264,2044.2,-6.019
51.314,2035.5,-6.0169
51.364,2026.7,-6.0133
51.414,2018,-6.0055
51.464,2009.2,-5.9901
51.514,2000.4,-5.9702
51.564,1991.6,-5.9492
51.614,1982.8,-5.9302
51.664,1973.9,-5.914
51.714,1965.1,-5.8985
51.764,1956.2,-5.8805
51.814,1947.3,-5.8567
51.864,1938.5,-5.8246
51.914,1929.5,-5.7903
51.964,1920.6,-5.7594
52.014,1911.7,-5.7351
52.064,1902.7,-5.7204
52.114,1893.8,-5.7143
52.164,1884.8,-5.7097
52.214,1875.8,-5.7044
52.264,1866.8,-5.6942
52.314,1857.8,-5.6793
52.364,1848.7,-5.6603
52.414,1839.7,-5.6396
52.464,1830.6,-5.6203
52.514,1821.5,-5.6033
52.564,1812.4,-5.5862
52.614,1803.3,-5.566
52.664,1794.2,-5.5418
52.714,1785.1,-5.5117
52.764,1775.9,-5.4806
52.814,1766.8,-5.454
52.864,1757.6,-5.433
52.914,1748.4,-5.4214
52.964,1739.2,-5.414
53.014,1730,-5.4056
53.064,1720.7,-5.3956
53.114,1711.5,-5.3816
53.164,1702.2,-5.3641
53.214,1693,-5.3449
53.264,1683.7,-5.3258
53.314,1674.4,-5.3074
53.364,1665.1,-5.288
53.414,1655.8,-5.2664
53.464,1646.4,-5.2422
53.514,1637.1,-5.2163
53.564,1627.7,-5.1901
53.614,1618.3,-5.1653
53.664,1608.9,-5.1442
53.714,1599.5,-5.1292
53.764,1590.1,-5.1189
53.814,1580.7,-5.1074
53.864,1571.2,-5.0946
53.914,1561.8,-5.0798
53.964,1552.3,-5.0623
54.014,1542.9,-5.0435
54.064,1533.4,-5.0248
54.114,1523.9,-5.0062
54.164,1514.3,-4.987
54.214,1504.8,-4.9654
54.264,1495.3,-4.9413
54.314,1485.7,-4.9159
54.364,1476.2,-4.8902
54.414,1466.6,-4.8649
54.464,1457,-4.8435
54.514,1447.4,-4.8247
54.564,1437.8,-4.813
54.614,1428.1,-4.8035
54.664,1418.5,-4.7919
54.714,1408.9,-4.7763
54.764,1399.2,-4.7589
54.814,1389.5,-4.7394
54.864,1379.8,-4.7201
54.914,1370.1,-4.7001
54.964,1360.4,-4.6781
55.014,1350.7,-4.6528
55.064,1341,-4.6272
55.114,1331.2,-4.6026
55.164,1321.5,-4.5801
55.214,1311.7,-4.5617
55.264,1301.9,-4.5475
55.314,1292.1,-4.5342
55.364,1282.3,-4.518
55.414,1272.5,-4.502
55.464,1262.7,-4.4859
55.514,1252.9,-4.4683
55.564,1243,-4.4497
55.614,1233.2,-4.4304
55.664,1223.3,-4.4108
55.714,1213.4,-4.3894
55.764,1203.5,-4.3679
55.814,1193.6,-4.3467
55.864,1183.7,-4.3246
55.914,1173.8,-4.3034
55.964,1163.8,-4.2829
56.014,1153.9,-4.263
56.064,1143.9,-4.2454
56.114,1134,-4.2283
56.164,1124,-4.2118
56.214,1114,-4.1971
56.264,1104,-4.1807
56.314,1094,-4.1628
56.364,1084,-4.1441
56.414,1074,-4.125
56.464,1063.9,-4.105
56.514,1053.9,-4.0834
56.564,1043.8,-4.0608
56.614,1033.7,-4.0367
56.664,1023.7,-4.0109
56.714,1013.6,-3.9891
56.764,1003.5,-3.9734
56.814,993.36,-3.9586
56.864,983.24,-3.945
56.914,973.11,-3.9281
56.964,962.97,-3.912
57.014,952.83,-3.8945
57.064,942.67,-3.8759
57.114,932.5,-3.857
57.164,922.32,-3.837
57.214,912.13,-3.8165
57.264,901.93,-3.7954
57.314,891.73,-3.7735
57.364,881.51,-3.7519
57.414,871.29,-3.7305
57.464,861.05,-3.71
57.514,850.81,-3.6912
57.564,840.55,-3.6753
57.614,830.29,-3.6605
57.664,820.02,-3.6452
57.714,809.74,-3.6282
57.764,799.45,-3.6095
57.814,789.15,-3.5906
57.864,778.84,-3.5706
57.914,768.52,-3.5489
57.964,758.2,-3.5259
58.014,747.86,-3.5037
58.064,737.52,-3.4834
58.114,727.17,-3.4632
58.164,716.81,-3.4451
58.214,706.44,-3.4293
58.264,696.06,-3.4157
58.314,685.67,-3.3995
58.364,675.28,-3.3821
58.414,664.88,-3.3645
58.464,654.46,-3.3465
58.514,644.04,-3.3272
58.564,633.61,-3.3079
58.614,623.18,-3.2879
58.664,612.73,-3.2666
58.714,602.28,-3.2448
58.764,591.82,-3.224
58.814,581.35,-3.2042
58.864,570.87,-3.1847
58.914,560.39,-3.1683
58.964,549.89,-3.1536
59.014,539.39,-3.1391
59.064,528.88,-3.1235
59.114,518.37,-3.1068
59.164,507.84,-3.0893
59.214,497.31,-3.0712
59.264,486.77,-3.0521
59.314,476.22,-3.0322
59.364,465.67,-3.0103
59.414,455.1,-2.9881
59.464,444.53,-2.9661
59.514,433.96,-2.9476
59.564,423.37,-2.9311
59.614,412.78,-2.9157
59.664,402.18,-2.901
59.714,391.57,-2.8849
59.764,380.96,-2.8679
59.814,370.34,-2.8503
59.864,359.71,-2.8314
59.914,349.07,-2.8125
59.964,338.43,-2.7918
60.014,327.78,-2.771
60.064,317.13,-2.7526
60.114,306.46,-2.7344
60.164,295.79,-2.7162
60.214,285.12,-2.6986
60.264,274.43,-2.6819
60.314,263.74,-2.6658
60.364,253.04,-2.6502
60.414,242.34,-2.6332
60.464,231.63,-2.6165
60.514,220.91,-2.5994
60.564,210.19,-2.581
60.614,199.46,-2.5619
60.664,188.73,-2.5436
60.714,177.98,-2.5247
60.764,167.23,-2.5048
60.814,156.48,-2.4845
60.864,145.72,-2.466
60.914,134.95,-2.4503
60.964,124.18,-2.4379
61.014,113.4,-2.4235
61.064,102.61,-2.408
61.114,91.821,-2.3909
61.164,81.023,-2.3743
61.214,70.219,-2.3579
61.264,59.41,-2.3407
61.314,48.595,-2.3219
61.364,37.773,-2.3003
61.414,26.947,-2.2779
61.464,16.114,-2.2595
61.514,5.2758,-2.2449
